date,open,high,low,close,volume
2026-03-07 16:50:00,67791.01,67806.72,67774.62,67774.62,2.63057
2026-03-07 16:51:00,67774.62,67778.9,67761.84,67768.83,4.24954
2026-03-07 16:52:00,67768.83,67799.17,67768.82,67799.17,1.30916
2026-03-07 16:53:00,67799.17,67805.92,67797.95,67801.05,1.85709
2026-03-07 16:54:00,67801.06,67810.0,67794.4,67794.4,1.23188
2026-03-07 16:55:00,67794.4,67819.0,67794.4,67807.46,3.63627
2026-03-07 16:56:00,67807.45,67807.46,67796.76,67796.76,0.92552
2026-03-07 16:57:00,67796.76,67796.77,67779.25,67779.26,1.79575
2026-03-07 16:58:00,67779.25,67832.71,67779.25,67821.71,3.1515
2026-03-07 16:59:00,67821.71,67832.96,67776.17,67783.63,28.01635
2026-03-07 17:00:00,67783.63,67801.2,67783.62,67788.85,2.02921
2026-03-07 17:01:00,67788.84,67860.0,67788.84,67842.61,3.47569
2026-03-07 17:02:00,67842.61,67853.13,67838.64,67842.75,2.00451
2026-03-07 17:03:00,67842.75,67852.1,67831.73,67845.5,1.18328
2026-03-07 17:04:00,67845.49,67845.5,67843.78,67845.49,3.42117
2026-03-07 17:05:00,67845.49,67845.49,67822.07,67828.06,2.28333
2026-03-07 17:06:00,67828.07,67828.07,67812.45,67812.45,1.48078
2026-03-07 17:07:00,67812.45,67820.15,67802.8,67812.75,7.74122
2026-03-07 17:08:00,67812.75,67826.47,67805.96,67817.55,2.91017
2026-03-07 17:09:00,67817.54,67845.49,67812.45,67845.48,1.5544
2026-03-07 17:10:00,67845.48,67845.48,67824.76,67840.88,2.91647
2026-03-07 17:11:00,67840.87,67840.88,67813.82,67813.82,2.50184
2026-03-07 17:12:00,67813.82,67819.94,67813.82,67814.38,1.01764
2026-03-07 17:13:00,67814.38,67836.29,67814.37,67836.29,0.87242
2026-03-07 17:14:00,67836.29,67842.19,67836.28,67838.59,2.48912
2026-03-07 17:15:00,67838.58,67859.75,67829.33,67838.59,5.99572
2026-03-07 17:16:00,67838.59,67843.82,67838.58,67843.82,0.86691
2026-03-07 17:17:00,67843.81,67843.81,67820.7,67826.78,5.82384
2026-03-07 17:18:00,67826.78,67826.78,67814.35,67814.35,1.22206
2026-03-07 17:19:00,67814.35,67825.55,67814.35,67825.55,0.60088
2026-03-07 17:20:00,67825.55,67867.38,67825.54,67867.38,1.24957
2026-03-07 17:21:00,67867.38,67900.42,67867.37,67893.01,4.40842
2026-03-07 17:22:00,67893.01,67914.61,67885.99,67914.61,2.53951
2026-03-07 17:23:00,67914.6,67935.01,67908.39,67921.64,9.19614
2026-03-07 17:24:00,67921.63,67921.63,67895.18,67901.97,2.81704
2026-03-07 17:25:00,67901.97,67901.97,67894.91,67899.08,1.22731
2026-03-07 17:26:00,67899.08,67904.15,67891.69,67892.86,2.44285
2026-03-07 17:27:00,67892.86,67892.86,67886.23,67886.23,2.6428
2026-03-07 17:28:00,67886.23,67886.24,67876.69,67876.69,1.35454
2026-03-07 17:29:00,67876.69,67882.84,67872.95,67882.83,4.29416
2026-03-07 17:30:00,67882.83,67882.84,67876.7,67876.7,1.35089
2026-03-07 17:31:00,67876.71,67876.71,67876.51,67876.51,0.76983
2026-03-07 17:32:00,67876.51,67876.52,67876.51,67876.51,0.5545
2026-03-07 17:33:00,67876.52,67876.52,67872.0,67872.01,1.22273
2026-03-07 17:34:00,67872.0,67872.01,67872.0,67872.01,0.55024
2026-03-07 17:35:00,67872.01,67872.01,67872.0,67872.0,0.5586
2026-03-07 17:36:00,67872.01,67872.01,67872.0,67872.01,1.11762
2026-03-07 17:37:00,67872.0,67872.01,67872.0,67872.0,1.66947
2026-03-07 17:38:00,67872.0,67872.0,67861.48,67864.9,7.61036
2026-03-07 17:39:00,67864.89,67882.83,67864.89,67882.83,30.36439
2026-03-07 17:40:00,67882.82,67882.84,67873.44,67873.44,5.23556
2026-03-07 17:41:00,67873.44,67878.84,67865.63,67878.84,1.76543
2026-03-07 17:42:00,67878.83,67878.84,67878.83,67878.84,1.21553
2026-03-07 17:43:00,67878.83,67882.84,67878.83,67882.84,1.78992
2026-03-07 17:44:00,67882.84,67882.84,67882.83,67882.83,0.62294
2026-03-07 17:45:00,67882.83,67882.84,67877.13,67877.13,1.83361
2026-03-07 17:46:00,67877.13,67877.14,67877.13,67877.14,0.56904
2026-03-07 17:47:00,67877.14,67877.14,67877.13,67877.14,0.67449
2026-03-07 17:48:00,67877.14,67877.14,67870.03,67870.04,1.01459
2026-03-07 17:49:00,67870.03,67888.24,67870.03,67888.24,18.23592
2026-03-07 17:50:00,67888.24,67888.25,67872.96,67872.97,2.77801
2026-03-07 17:51:00,67872.97,67872.97,67866.55,67866.56,0.78396
2026-03-07 17:52:00,67866.56,67866.56,67866.55,67866.55,1.12027
2026-03-07 17:53:00,67866.55,67866.56,67862.1,67862.1,1.90264
2026-03-07 17:54:00,67862.1,67888.24,67862.1,67888.23,28.8631
2026-03-07 17:55:00,67888.23,67888.24,67872.13,67872.14,3.61375
2026-03-07 17:56:00,67872.14,67872.14,67862.62,67862.62,1.85881
2026-03-07 17:57:00,67862.63,67866.41,67790.0,67808.63,7.50759
2026-03-07 17:58:00,67808.62,67808.62,67768.97,67777.11,3.19013
2026-03-07 17:59:00,67777.11,67789.02,67770.0,67788.41,2.77412
2026-03-07 18:00:00,67788.4,67788.41,67735.43,67735.43,5.85792
2026-03-07 18:01:00,67735.3,67745.29,67710.3,67729.12,3.6851
2026-03-07 18:02:00,67729.11,67735.27,67480.0,67527.75,93.41766
2026-03-07 18:03:00,67527.76,67600.0,67527.76,67590.53,12.60518
2026-03-07 18:04:00,67590.52,67607.25,67590.52,67606.99,16.64492
2026-03-07 18:05:00,67606.99,67613.46,67584.39,67610.39,5.62088
2026-03-07 18:06:00,67610.39,67619.86,67590.49,67590.5,9.8159
2026-03-07 18:07:00,67590.49,67644.26,67590.49,67626.89,6.53448
2026-03-07 18:08:00,67626.89,67626.9,67582.7,67599.45,5.44794
2026-03-07 18:09:00,67599.45,67624.99,67597.1,67619.03,3.77902
2026-03-07 18:10:00,67619.03,67644.26,67619.02,67640.94,5.32811
2026-03-07 18:11:00,67640.93,67640.93,67619.33,67633.48,2.48457
2026-03-07 18:12:00,67633.48,67633.49,67608.14,67628.38,4.97858
2026-03-07 18:13:00,67628.38,67628.38,67609.39,67614.31,3.51915
2026-03-07 18:14:00,67614.31,67635.22,67614.31,67624.7,0.91308
2026-03-07 18:15:00,67624.7,67644.26,67621.84,67644.26,2.76586
2026-03-07 18:16:00,67644.25,67661.59,67644.25,67661.57,4.93648
2026-03-07 18:17:00,67661.58,67690.67,67661.57,67681.94,3.37048
2026-03-07 18:18:00,67681.93,67696.0,67659.64,67659.64,2.71434
2026-03-07 18:19:00,67659.64,67670.0,67608.34,67608.34,33.79237
2026-03-07 18:20:00,67608.15,67625.0,67584.41,67612.77,23.25596
2026-03-07 18:21:00,67612.77,67621.84,67590.77,67610.85,29.85794
2026-03-07 18:22:00,67610.85,67656.46,67603.37,67655.93,31.12955
2026-03-07 18:23:00,67655.93,67678.0,67652.97,67661.61,27.36285
2026-03-07 18:24:00,67661.6,67661.61,67644.7,67644.71,29.18432
2026-03-07 18:25:00,67644.7,67656.51,67626.11,67636.15,33.50976
2026-03-07 18:26:00,67635.26,67635.27,67601.98,67621.35,32.95325
2026-03-07 18:27:00,67621.35,67624.41,67593.42,67611.66,31.11696
2026-03-07 18:28:00,67611.66,67615.51,67595.19,67595.2,28.38948
2026-03-07 18:29:00,67595.2,67662.01,67578.05,67662.0,99.38724
2026-03-07 18:30:00,67662.0,67662.01,67605.37,67605.38,38.41053
2026-03-07 18:31:00,67605.37,67605.37,67574.47,67590.31,30.95556
2026-03-07 18:32:00,67590.31,67608.24,67590.31,67594.53,30.95808
2026-03-07 18:33:00,67594.54,67594.54,67528.15,67532.08,43.23255
2026-03-07 18:34:00,67532.08,67532.08,67489.97,67521.74,47.40209
2026-03-07 18:35:00,67521.73,67550.15,67512.0,67512.0,33.05692
2026-03-07 18:36:00,67511.98,67528.93,67492.0,67517.96,33.73571
2026-03-07 18:37:00,67517.97,67544.0,67514.06,67524.01,33.30931
2026-03-07 18:38:00,67524.0,67524.01,67500.03,67513.97,31.93619
2026-03-07 18:39:00,67513.98,67577.76,67513.98,67577.75,5.92426
2026-03-07 18:40:00,67577.75,67583.34,67567.59,67579.67,4.47745
2026-03-07 18:41:00,67579.66,67607.92,67579.66,67606.56,3.76022
2026-03-07 18:42:00,67606.57,67606.57,67593.98,67603.53,1.77715
2026-03-07 18:43:00,67603.53,67605.5,67602.49,67602.49,1.28193
2026-03-07 18:44:00,67602.49,67666.04,67602.49,67663.0,15.11549
2026-03-07 18:45:00,67663.01,67663.01,67636.59,67640.73,4.95731
2026-03-07 18:46:00,67640.72,67640.72,67614.22,67614.22,2.13928
2026-03-07 18:47:00,67614.23,67626.17,67614.22,67618.06,1.59632
2026-03-07 18:48:00,67618.07,67624.36,67616.94,67624.35,0.5864
2026-03-07 18:49:00,67624.35,67672.29,67624.35,67671.0,170.71096
2026-03-07 18:50:00,67671.0,67671.01,67596.0,67601.98,25.57402
2026-03-07 18:51:00,67601.98,67601.99,67557.79,67564.51,4.71393
2026-03-07 18:52:00,67564.51,67575.08,67564.5,67575.07,4.33767
2026-03-07 18:53:00,67575.08,67591.28,67575.07,67591.28,1.43473
2026-03-07 18:54:00,67591.27,67605.2,67591.27,67593.29,1.02746
2026-03-07 18:55:00,67593.29,67593.29,67581.55,67586.73,4.30204
2026-03-07 18:56:00,67586.73,67598.3,67586.72,67596.6,1.87811
2026-03-07 18:57:00,67596.61,67596.61,67567.79,67590.17,3.46928
2026-03-07 18:58:00,67590.17,67593.24,67590.17,67593.24,0.56524
2026-03-07 18:59:00,67593.24,67593.24,67568.12,67568.13,3.2623
2026-03-07 19:00:00,67568.13,67568.13,67547.32,67548.87,2.46745
2026-03-07 19:01:00,67548.86,67559.56,67528.55,67559.56,3.48676
2026-03-07 19:02:00,67559.55,67559.56,67529.32,67549.19,4.37539
2026-03-07 19:03:00,67549.19,67550.69,67530.52,67535.07,4.31469
2026-03-07 19:04:00,67535.07,67536.93,67518.4,67523.61,5.02208
2026-03-07 19:05:00,67523.61,67542.19,67523.61,67535.07,5.50515
2026-03-07 19:06:00,67535.07,67535.07,67529.36,67534.09,2.38896
2026-03-07 19:07:00,67534.1,67534.1,67521.01,67532.59,1.05685
2026-03-07 19:08:00,67532.59,67568.9,67531.11,67568.9,3.22578
2026-03-07 19:09:00,67568.89,67572.35,67506.57,67506.57,60.859
2026-03-07 19:10:00,67506.19,67544.28,67500.31,67544.27,4.72747
2026-03-07 19:11:00,67544.27,67551.79,67544.27,67551.67,0.60152
2026-03-07 19:12:00,67551.67,67555.0,67551.66,67554.99,1.20405
2026-03-07 19:13:00,67555.0,67561.66,67548.38,67548.39,2.47174
2026-03-07 19:14:00,67548.38,67548.98,67500.0,67500.01,40.8212
2026-03-07 19:15:00,67500.0,67541.69,67494.47,67541.68,9.32419
2026-03-07 19:16:00,67541.68,67558.0,67538.1,67538.1,2.06113
2026-03-07 19:17:00,67538.1,67538.11,67538.1,67538.11,0.68425
2026-03-07 19:18:00,67538.11,67538.11,67482.01,67482.01,5.23637
2026-03-07 19:19:00,67482.0,67482.01,67270.62,67364.19,149.07468
2026-03-07 19:20:00,67364.19,67455.0,67364.19,67454.99,12.36168
2026-03-07 19:21:00,67454.99,67477.97,67427.62,67465.08,5.72848
2026-03-07 19:22:00,67465.08,67480.72,67457.97,67457.98,3.74848
2026-03-07 19:23:00,67457.97,67457.97,67399.15,67421.15,4.86753
2026-03-07 19:24:00,67421.15,67428.85,67309.53,67316.28,13.10516
2026-03-07 19:25:00,67316.28,67391.8,67316.28,67377.59,6.53965
2026-03-07 19:26:00,67377.58,67377.59,67315.31,67315.32,4.16812
2026-03-07 19:27:00,67315.32,67334.28,67202.66,67247.2,36.65452
2026-03-07 19:28:00,67247.2,67257.98,67177.0,67238.92,56.634
2026-03-07 19:29:00,67238.91,67238.92,67199.56,67227.72,5.70026
2026-03-07 19:30:00,67227.71,67261.7,67227.71,67241.8,8.11248
2026-03-07 19:31:00,67241.79,67281.35,67241.79,67244.03,9.21664
2026-03-07 19:32:00,67244.03,67267.37,67195.4,67267.37,4.96338
2026-03-07 19:33:00,67267.37,67307.97,67254.16,67295.84,7.47034
2026-03-07 19:34:00,67295.84,67347.15,67210.83,67212.0,178.97329
2026-03-07 19:35:00,67212.0,67308.75,67211.99,67284.59,7.0374
2026-03-07 19:36:00,67284.59,67301.4,67284.58,67301.4,1.59761
2026-03-07 19:37:00,67301.39,67332.0,67301.39,67317.48,4.65999
2026-03-07 19:38:00,67317.47,67317.48,67301.68,67301.68,3.20526
2026-03-07 19:39:00,67301.69,67302.54,67283.41,67290.36,6.71487
2026-03-07 19:40:00,67290.37,67332.0,67283.41,67332.0,2.61617
2026-03-07 19:41:00,67332.0,67332.0,67238.35,67248.42,18.53619
2026-03-07 19:42:00,67248.42,67283.27,67248.41,67283.27,3.81442
2026-03-07 19:43:00,67283.26,67300.0,67283.26,67300.0,2.96631
2026-03-07 19:44:00,67299.99,67300.0,67204.48,67211.99,132.07849
2026-03-07 19:45:00,67211.99,67275.75,67206.74,67256.45,14.37686
2026-03-07 19:46:00,67256.45,67263.42,67243.08,67245.0,3.54818
2026-03-07 19:47:00,67245.0,67270.17,67245.0,67257.17,4.77293
2026-03-07 19:48:00,67257.17,67257.17,67216.27,67216.28,6.57728
2026-03-07 19:49:00,67216.27,67220.0,67170.44,67177.0,19.71853
2026-03-07 19:50:00,67177.0,67181.63,66984.44,67000.85,176.86425
2026-03-07 19:51:00,67000.84,67101.51,66984.48,67064.75,67.06504
2026-03-07 19:52:00,67064.76,67110.61,67031.04,67031.11,17.25474
2026-03-07 19:53:00,67031.12,67085.39,66993.3,66993.31,13.34967
2026-03-07 19:54:00,66993.3,67042.32,66993.3,67030.37,38.83817
2026-03-07 19:55:00,67030.37,67058.88,66915.26,67010.44,58.42956
2026-03-07 19:56:00,67010.44,67044.0,67010.44,67044.0,9.71436
2026-03-07 19:57:00,67044.93,67113.64,67044.93,67107.42,6.98564
2026-03-07 19:58:00,67107.42,67139.04,67079.4,67088.33,21.54553
2026-03-07 19:59:00,67088.33,67099.7,67073.57,67080.34,2.81003
2026-03-07 20:00:00,67080.33,67141.89,67068.01,67117.81,10.19463
2026-03-07 20:01:00,67117.82,67130.82,67102.23,67130.82,2.56727
2026-03-07 20:02:00,67130.82,67152.63,67112.21,67151.68,4.83308
2026-03-07 20:03:00,67151.67,67190.0,67151.67,67186.58,5.11505
2026-03-07 20:04:00,67186.58,67199.54,67176.0,67185.41,4.09835
2026-03-07 20:05:00,67185.4,67221.32,67182.36,67205.05,7.72676
2026-03-07 20:06:00,67205.05,67233.37,67198.32,67233.37,2.59985
2026-03-07 20:07:00,67233.36,67258.07,67233.36,67250.01,7.20819
2026-03-07 20:08:00,67250.0,67259.49,67226.76,67245.29,25.96601
2026-03-07 20:09:00,67245.28,67245.29,67186.71,67186.71,35.14962
2026-03-07 20:10:00,67186.7,67259.48,67181.23,67259.48,21.46512
2026-03-07 20:11:00,67259.48,67292.23,67253.45,67272.02,6.26294
2026-03-07 20:12:00,67272.03,67282.3,67272.03,67280.77,2.22623
2026-03-07 20:13:00,67280.76,67280.77,67258.56,67259.38,4.06023
2026-03-07 20:14:00,67259.38,67262.84,67242.67,67242.67,1.54283
2026-03-07 20:15:00,67242.68,67256.86,67221.58,67225.72,3.00179
2026-03-07 20:16:00,67225.72,67249.33,67205.76,67249.33,2.66654
2026-03-07 20:17:00,67249.33,67290.71,67249.33,67284.66,3.40304
2026-03-07 20:18:00,67284.66,67288.29,67251.78,67262.76,11.06447
2026-03-07 20:19:00,67262.76,67274.79,67252.25,67252.26,2.88223
2026-03-07 20:20:00,67252.26,67252.26,67192.58,67205.87,2.22417
2026-03-07 20:21:00,67205.87,67250.76,67205.86,67250.76,2.05341
2026-03-07 20:22:00,67250.76,67251.72,67204.35,67209.07,11.50089
2026-03-07 20:23:00,67209.06,67245.1,67209.06,67243.07,2.49249
2026-03-07 20:24:00,67243.07,67276.89,67233.06,67276.88,11.44935
2026-03-07 20:25:00,67276.88,67276.88,67248.56,67268.51,2.55145
2026-03-07 20:26:00,67268.51,67270.31,67262.09,67270.31,0.95225
2026-03-07 20:27:00,67270.3,67281.65,67270.3,67281.65,1.35699
2026-03-07 20:28:00,67281.65,67299.76,67281.65,67299.76,2.15101
2026-03-07 20:29:00,67299.75,67305.39,67249.76,67250.47,6.11557
2026-03-07 20:30:00,67250.48,67280.54,67250.48,67280.53,1.86472
2026-03-07 20:31:00,67280.53,67280.53,67253.8,67261.1,2.1926
2026-03-07 20:32:00,67261.1,67270.56,67261.09,67261.1,6.04181
2026-03-07 20:33:00,67261.1,67280.54,67261.09,67272.61,25.85915
2026-03-07 20:34:00,67272.6,67304.0,67272.6,67272.66,2.41879
2026-03-07 20:35:00,67272.66,67319.56,67272.65,67313.41,21.6473
2026-03-07 20:36:00,67313.41,67313.41,67296.74,67310.23,5.77124
2026-03-07 20:37:00,67310.23,67359.55,67310.23,67327.04,13.2177
2026-03-07 20:38:00,67327.03,67403.85,67327.03,67403.85,10.82177
2026-03-07 20:39:00,67403.85,67403.85,67379.27,67380.16,3.80087
2026-03-07 20:40:00,67380.15,67412.19,67380.15,67397.54,4.4982
2026-03-07 20:41:00,67397.54,67403.28,67395.55,67403.27,1.26725
2026-03-07 20:42:00,67403.27,67418.47,67387.83,67418.47,3.7933
2026-03-07 20:43:00,67418.46,67419.35,67389.82,67392.34,1.52463
2026-03-07 20:44:00,67392.34,67408.7,67392.33,67395.55,1.04707
2026-03-07 20:45:00,67395.56,67419.35,67395.55,67416.69,1.6525
2026-03-07 20:46:00,67416.69,67416.69,67406.02,67406.02,2.31412
2026-03-07 20:47:00,67406.03,67418.04,67389.83,67389.83,2.93384
2026-03-07 20:48:00,67389.83,67389.83,67378.45,67388.54,1.6911
2026-03-07 20:49:00,67388.54,67405.77,67374.46,67405.0,179.13242
2026-03-07 20:50:00,67405.0,67405.0,67313.41,67348.04,28.82555
2026-03-07 20:51:00,67348.04,67372.47,67348.03,67370.51,4.01398
2026-03-07 20:52:00,67370.51,67381.92,67365.28,67381.66,1.87774
2026-03-07 20:53:00,67381.66,67396.41,67370.51,67387.9,3.73447
2026-03-07 20:54:00,67387.71,67424.5,67377.63,67424.49,11.69012
2026-03-07 20:55:00,67424.49,67437.5,67384.88,67405.38,11.88502
2026-03-07 20:56:00,67405.38,67408.61,67398.15,67407.01,0.90744
2026-03-07 20:57:00,67407.01,67423.26,67394.4,67394.41,2.03483
2026-03-07 20:58:00,67394.4,67415.25,67394.4,67403.84,3.10561
2026-03-07 20:59:00,67403.85,67403.85,67384.88,67402.98,22.02423
2026-03-07 21:00:00,67402.98,67444.0,67377.57,67436.6,29.23708
2026-03-07 21:01:00,67436.59,67443.17,67395.99,67396.0,4.48608
2026-03-07 21:02:00,67395.99,67395.99,67345.17,67359.78,7.31753
2026-03-07 21:03:00,67359.78,67375.03,67359.78,67370.0,3.65364
2026-03-07 21:04:00,67370.0,67421.71,67369.99,67421.71,5.04232
2026-03-07 21:05:00,67421.72,67421.72,67395.03,67408.22,5.15233
2026-03-07 21:06:00,67408.22,67440.31,67402.78,67424.92,2.1188
2026-03-07 21:07:00,67424.92,67424.92,67401.09,67408.53,1.47268
2026-03-07 21:08:00,67408.53,67423.97,67401.09,67422.54,3.85797
2026-03-07 21:09:00,67422.53,67444.93,67418.55,67444.93,7.64506
2026-03-07 21:10:00,67444.93,67444.93,67430.36,67444.55,2.11181
2026-03-07 21:11:00,67444.54,67467.61,67443.94,67449.0,8.58617
2026-03-07 21:12:00,67448.99,67467.6,67443.91,67467.59,1.24191
2026-03-07 21:13:00,67467.59,67483.05,67443.91,67449.93,3.66801
2026-03-07 21:14:00,67449.92,67449.92,67396.63,67402.02,31.15451
2026-03-07 21:15:00,67402.02,67441.48,67402.02,67430.77,3.68464
2026-03-07 21:16:00,67430.44,67451.48,67424.56,67451.48,2.52297
2026-03-07 21:17:00,67451.48,67463.44,67441.19,67463.43,1.59936
2026-03-07 21:18:00,67463.43,67472.89,67463.43,67472.89,1.0846
2026-03-07 21:19:00,67472.88,67472.89,67391.87,67391.89,133.66668
2026-03-07 21:20:00,67391.88,67446.8,67390.01,67425.66,2.774
2026-03-07 21:21:00,67425.65,67445.12,67425.65,67445.11,2.86605
2026-03-07 21:22:00,67445.12,67445.12,67430.93,67445.12,0.86585
2026-03-07 21:23:00,67445.12,67445.12,67425.83,67436.59,2.04112
2026-03-07 21:24:00,67436.59,67448.54,67436.58,67448.54,0.98232
2026-03-07 21:25:00,67448.54,67467.2,67447.22,67467.19,10.20195
2026-03-07 21:26:00,67467.2,67472.88,67467.19,67472.88,1.28204
2026-03-07 21:27:00,67472.88,67472.88,67472.87,67472.88,0.74695
2026-03-07 21:28:00,67472.87,67472.88,67472.87,67472.88,0.84085
2026-03-07 21:29:00,67472.88,67472.88,67448.55,67448.56,13.22533
2026-03-07 21:30:00,67448.56,67448.56,67444.79,67444.79,1.43351
2026-03-07 21:31:00,67444.79,67444.8,67368.3,67372.18,7.78462
2026-03-07 21:32:00,67372.18,67388.43,67372.17,67388.43,2.68452
2026-03-07 21:33:00,67388.43,67414.18,67388.42,67413.27,1.05865
2026-03-07 21:34:00,67413.26,67460.89,67410.03,67421.77,42.88969
2026-03-07 21:35:00,67421.78,67421.78,67309.95,67321.37,9.88898
2026-03-07 21:36:00,67321.37,67335.07,67306.45,67306.46,3.08652
2026-03-07 21:37:00,67306.46,67314.46,67281.34,67293.36,6.55391
2026-03-07 21:38:00,67293.36,67306.35,67286.62,67297.7,2.53478
2026-03-07 21:39:00,67297.7,67350.67,67297.69,67329.22,15.81803
2026-03-07 21:40:00,67329.22,67343.96,67329.21,67337.42,0.73934
2026-03-07 21:41:00,67337.42,67337.42,67312.16,67323.55,2.21094
2026-03-07 21:42:00,67323.55,67345.25,67323.55,67341.82,1.10198
2026-03-07 21:43:00,67341.81,67355.84,67341.81,67355.84,1.25672
2026-03-07 21:44:00,67355.83,67370.0,67355.83,67369.99,2.52377
2026-03-07 21:45:00,67369.99,67370.0,67335.03,67348.2,4.74978
2026-03-07 21:46:00,67348.2,67348.21,67325.04,67325.04,2.12475
2026-03-07 21:47:00,67325.05,67325.05,67300.2,67302.11,2.16825
2026-03-07 21:48:00,67302.1,67339.6,67291.62,67339.58,15.66281
2026-03-07 21:49:00,67339.58,67386.53,67334.81,67373.74,184.98424
2026-03-07 21:50:00,67373.74,67373.75,67318.14,67347.22,8.1521
2026-03-07 21:51:00,67347.22,67347.23,67337.01,67339.76,1.60197
2026-03-07 21:52:00,67339.76,67364.29,67339.76,67356.5,1.81324
2026-03-07 21:53:00,67356.5,67357.61,67356.49,67357.61,1.00232
2026-03-07 21:54:00,67357.61,67380.9,67357.6,67380.89,2.3113
2026-03-07 21:55:00,67380.89,67389.76,67366.14,67366.15,3.16926
2026-03-07 21:56:00,67366.14,67386.72,67366.14,67386.72,3.09136
2026-03-07 21:57:00,67386.72,67444.42,67386.71,67444.42,2.72269
2026-03-07 21:58:00,67444.41,67446.96,67430.25,67439.45,7.47697
2026-03-07 21:59:00,67439.45,67452.98,67439.44,67452.98,1.27234
2026-03-07 22:00:00,67452.97,67457.09,67422.18,67430.31,5.18633
2026-03-07 22:01:00,67430.3,67447.21,67430.3,67447.2,1.14878
2026-03-07 22:02:00,67447.21,67454.28,67430.31,67442.84,4.11194
2026-03-07 22:03:00,67442.83,67442.83,67432.98,67432.99,1.33823
2026-03-07 22:04:00,67432.98,67436.62,67421.95,67428.9,1.29411
2026-03-07 22:05:00,67428.9,67469.87,67428.89,67469.87,0.97636
2026-03-07 22:06:00,67469.86,67469.87,67442.21,67450.0,3.95184
2026-03-07 22:07:00,67450.0,67450.01,67435.67,67436.13,2.78556
2026-03-07 22:08:00,67436.13,67452.53,67436.13,67452.52,5.36884
2026-03-07 22:09:00,67452.53,67453.73,67382.25,67389.64,14.78015
2026-03-07 22:10:00,67389.64,67406.34,67389.64,67406.34,1.04975
2026-03-07 22:11:00,67406.33,67406.33,67367.5,67394.05,7.41557
2026-03-07 22:12:00,67394.05,67417.42,67394.05,67417.42,5.80403
2026-03-07 22:13:00,67417.42,67417.42,67381.18,67384.0,6.04005
2026-03-07 22:14:00,67384.0,67384.0,67322.44,67332.35,3.77893
2026-03-07 22:15:00,67332.34,67340.62,67324.89,67340.61,3.82596
2026-03-07 22:16:00,67340.61,67345.25,67340.61,67345.24,1.6396
2026-03-07 22:17:00,67345.25,67369.4,67345.24,67369.39,2.00935
2026-03-07 22:18:00,67369.39,67372.5,67350.0,67352.26,1.68143
2026-03-07 22:19:00,67352.26,67365.9,67323.73,67362.43,19.54372
2026-03-07 22:20:00,67362.43,67362.43,67329.93,67343.34,7.2371
2026-03-07 22:21:00,67343.35,67343.35,67300.0,67300.01,2.12187
2026-03-07 22:22:00,67300.0,67305.55,67281.81,67305.54,3.19275
2026-03-07 22:23:00,67305.55,67306.93,67305.55,67306.92,1.24849
2026-03-07 22:24:00,67306.93,67316.94,67306.92,67316.94,2.95482
2026-03-07 22:25:00,67316.94,67327.75,67296.37,67309.5,3.7926
2026-03-07 22:26:00,67309.5,67312.87,67301.68,67301.69,1.40201
2026-03-07 22:27:00,67301.69,67309.32,67295.15,67295.16,4.59834
2026-03-07 22:28:00,67295.15,67308.1,67295.15,67301.69,1.39773
2026-03-07 22:29:00,67301.7,67301.7,67259.82,67276.43,5.30535
2026-03-07 22:30:00,67276.43,67309.94,67276.42,67309.94,3.46614
2026-03-07 22:31:00,67309.93,67309.94,67301.68,67309.57,1.44586
2026-03-07 22:32:00,67309.56,67309.57,67281.75,67281.75,7.37857
2026-03-07 22:33:00,67281.76,67281.76,67220.01,67220.01,5.06413
2026-03-07 22:34:00,67220.02,67229.27,67169.29,67229.27,19.60029
2026-03-07 22:35:00,67229.27,67233.37,67126.67,67126.67,6.09634
2026-03-07 22:36:00,67126.12,67200.67,67101.31,67200.66,12.36225
2026-03-07 22:37:00,67200.67,67259.32,67200.67,67204.61,10.81904
2026-03-07 22:38:00,67204.61,67239.05,67200.0,67239.04,0.96042
2026-03-07 22:39:00,67239.04,67268.83,67223.73,67255.75,20.78389
2026-03-07 22:40:00,67255.75,67292.42,67242.09,67265.38,55.18167
2026-03-07 22:41:00,67265.38,67301.68,67265.37,67277.76,4.93963
2026-03-07 22:42:00,67277.76,67306.0,67277.76,67306.0,2.40829
2026-03-07 22:43:00,67306.0,67314.88,67300.01,67300.02,7.14028
2026-03-07 22:44:00,67300.02,67300.02,67240.99,67241.0,151.73986
2026-03-07 22:45:00,67241.0,67331.5,67240.99,67331.49,16.62652
2026-03-07 22:46:00,67331.5,67364.11,67308.77,67308.78,9.68511
2026-03-07 22:47:00,67308.78,67308.78,67305.12,67305.12,2.30069
2026-03-07 22:48:00,67305.12,67306.81,67272.11,67272.11,4.49451
2026-03-07 22:49:00,67272.11,67303.3,67243.31,67282.13,10.57412
2026-03-07 22:50:00,67282.14,67292.5,67258.29,67291.5,2.61937
2026-03-07 22:51:00,67291.49,67291.49,67271.5,67281.52,1.67324
2026-03-07 22:52:00,67281.51,67302.58,67251.52,67293.44,7.82396
2026-03-07 22:53:00,67293.44,67293.45,67270.48,67270.49,1.30623
2026-03-07 22:54:00,67270.48,67284.69,67241.54,67269.15,3.28273
2026-03-07 22:55:00,67269.16,67269.16,67226.89,67240.26,6.46047
2026-03-07 22:56:00,67240.26,67259.4,67235.21,67235.22,4.65956
2026-03-07 22:57:00,67235.21,67236.82,67221.05,67236.82,1.9606
2026-03-07 22:58:00,67236.81,67250.39,67227.05,67242.01,3.48423
2026-03-07 22:59:00,67242.02,67281.01,67227.06,67258.65,193.49365
2026-03-07 23:00:00,67258.65,67306.89,67239.53,67239.54,7.00269
2026-03-07 23:01:00,67239.54,67251.58,67183.39,67209.94,19.94173
2026-03-07 23:02:00,67209.94,67278.93,67209.94,67278.93,5.46348
2026-03-07 23:03:00,67278.93,67318.49,67278.93,67296.66,6.78702
2026-03-07 23:04:00,67296.67,67335.25,67296.66,67335.25,4.60676
2026-03-07 23:05:00,67335.25,67371.42,67335.24,67370.38,4.867
2026-03-07 23:06:00,67370.38,67381.66,67354.54,67354.54,2.90666
2026-03-07 23:07:00,67354.54,67364.36,67354.54,67354.56,2.62173
2026-03-07 23:08:00,67354.55,67376.73,67352.64,67366.18,7.41309
2026-03-07 23:09:00,67366.17,67366.18,67302.12,67309.19,6.178
2026-03-07 23:10:00,67309.18,67351.19,67309.18,67351.18,4.16205
2026-03-07 23:11:00,67351.19,67357.02,67336.16,67336.17,0.94592
2026-03-07 23:12:00,67336.16,67337.55,67331.87,67331.88,1.46461
2026-03-07 23:13:00,67331.87,67331.88,67322.91,67329.59,1.88743
2026-03-07 23:14:00,67329.59,67329.61,67324.2,67329.39,2.37134
2026-03-07 23:15:00,67329.39,67343.02,67322.91,67322.91,1.23047
2026-03-07 23:16:00,67322.92,67339.54,67322.91,67339.53,1.24198
2026-03-07 23:17:00,67339.53,67348.94,67339.53,67347.87,1.39217
2026-03-07 23:18:00,67347.87,67367.95,67347.87,67367.95,1.69656
2026-03-07 23:19:00,67367.95,67381.66,67318.92,67319.0,112.03389
2026-03-07 23:20:00,67318.99,67355.12,67315.12,67355.12,4.10251
2026-03-07 23:21:00,67355.11,67380.83,67348.34,67366.28,4.81721
2026-03-07 23:22:00,67366.29,67381.66,67366.28,67381.66,3.4806
2026-03-07 23:23:00,67381.65,67384.15,67375.92,67384.14,0.92763
2026-03-07 23:24:00,67384.14,67390.9,67384.14,67390.9,0.92955
2026-03-07 23:25:00,67390.9,67403.85,67363.48,67363.48,1.95201
2026-03-07 23:26:00,67363.48,67366.69,67338.53,67338.53,1.60253
2026-03-07 23:27:00,67338.53,67350.67,67338.53,67350.67,3.7884
2026-03-07 23:28:00,67350.67,67350.67,67343.89,67350.67,1.00303
2026-03-07 23:29:00,67350.67,67391.65,67350.66,67378.22,44.2804
2026-03-07 23:30:00,67378.23,67385.96,67355.01,67378.03,8.69923
2026-03-07 23:31:00,67378.03,67394.21,67373.12,67373.12,1.10738
2026-03-07 23:32:00,67373.13,67373.13,67372.42,67372.42,2.62096
2026-03-07 23:33:00,67372.43,67385.95,67372.42,67380.45,1.61828
2026-03-07 23:34:00,67380.46,67391.34,67349.24,67350.56,3.53386
2026-03-07 23:35:00,67350.56,67396.52,67350.56,67396.52,0.96515
2026-03-07 23:36:00,67396.52,67398.26,67372.8,67378.65,1.83663
2026-03-07 23:37:00,67378.66,67378.66,67366.27,67366.27,1.42149
2026-03-07 23:38:00,67366.28,67366.28,67318.35,67325.65,9.46002
2026-03-07 23:39:00,67325.64,67336.53,67317.83,67317.83,8.73101
2026-03-07 23:40:00,67317.83,67325.51,67317.82,67325.51,2.39732
2026-03-07 23:41:00,67325.51,67343.18,67325.51,67343.17,3.04517
2026-03-07 23:42:00,67343.18,67343.18,67335.78,67335.79,2.04408
2026-03-07 23:43:00,67335.78,67335.79,67320.71,67329.85,13.18541
2026-03-07 23:44:00,67329.86,67347.33,67329.85,67339.36,10.06032
2026-03-07 23:45:00,67339.36,67365.99,67330.0,67331.44,5.47762
2026-03-07 23:46:00,67331.43,67331.43,67281.79,67281.8,14.5446
2026-03-07 23:47:00,67281.79,67281.8,67269.0,67279.1,5.12843
2026-03-07 23:48:00,67279.1,67286.84,67279.1,67286.83,1.51587
2026-03-07 23:49:00,67286.82,67286.83,67263.41,67263.41,1.96321
2026-03-07 23:50:00,67263.42,67263.42,67234.46,67240.94,5.61562
2026-03-07 23:51:00,67240.95,67262.76,67240.95,67259.46,2.71763
2026-03-07 23:52:00,67259.46,67259.46,67248.92,67248.93,1.39234
2026-03-07 23:53:00,67248.92,67276.3,67248.92,67276.3,4.42801
2026-03-07 23:54:00,67276.29,67276.3,67276.29,67276.3,1.47843
2026-03-07 23:55:00,67276.3,67276.3,67276.29,67276.3,0.90763
2026-03-07 23:56:00,67276.29,67276.3,67260.41,67260.42,2.59378
2026-03-07 23:57:00,67260.41,67278.85,67260.41,67272.05,5.90146
2026-03-07 23:58:00,67272.05,67272.05,67272.03,67272.04,2.06735
2026-03-07 23:59:00,67272.03,67272.04,67251.08,67262.91,5.40803
2026-03-08 00:00:00,67262.91,67312.58,67258.94,67308.6,12.72128
2026-03-08 00:01:00,67308.6,67342.0,67308.6,67328.86,10.93961
2026-03-08 00:02:00,67328.86,67372.88,67327.14,67372.87,6.55334
2026-03-08 00:03:00,67372.88,67379.61,67360.39,67379.6,4.00501
2026-03-08 00:04:00,67379.61,67392.47,67379.6,67392.47,4.05761
2026-03-08 00:05:00,67392.47,67413.01,67379.6,67408.58,3.94423
2026-03-08 00:06:00,67408.58,67408.58,67385.41,67385.42,4.79434
2026-03-08 00:07:00,67385.42,67393.59,67385.41,67393.58,2.92954
2026-03-08 00:08:00,67393.59,67411.62,67393.58,67411.61,2.52451
2026-03-08 00:09:00,67411.62,67431.81,67403.14,67407.86,11.23594
2026-03-08 00:10:00,67407.86,67454.58,67407.86,67447.9,5.19641
2026-03-08 00:11:00,67447.91,67452.29,67428.51,67431.8,7.01979
2026-03-08 00:12:00,67431.8,67447.9,67431.79,67437.54,4.38245
2026-03-08 00:13:00,67437.54,67444.29,67437.53,67444.29,1.6821
2026-03-08 00:14:00,67444.29,67461.22,67391.2,67395.99,40.8987
2026-03-08 00:15:00,67395.99,67434.28,67395.99,67416.25,19.05542
2026-03-08 00:16:00,67416.26,67427.91,67416.25,67427.91,1.93781
2026-03-08 00:17:00,67427.91,67427.91,67417.35,67427.91,2.34433
2026-03-08 00:18:00,67427.91,67427.91,67427.9,67427.91,2.0853
2026-03-08 00:19:00,67427.91,67427.91,67386.8,67389.0,55.0288
2026-03-08 00:20:00,67389.0,67412.35,67388.99,67412.35,3.65168
2026-03-08 00:21:00,67412.34,67442.0,67412.34,67442.0,5.32368
2026-03-08 00:22:00,67442.0,67481.96,67442.0,67475.64,6.43898
2026-03-08 00:23:00,67475.63,67475.63,67355.76,67387.35,8.73799
2026-03-08 00:24:00,67387.35,67396.0,67362.54,67366.16,8.60817
2026-03-08 00:25:00,67366.16,67384.98,67355.76,67355.77,2.16238
2026-03-08 00:26:00,67355.76,67355.77,67326.36,67338.53,2.79753
2026-03-08 00:27:00,67338.52,67347.62,67338.52,67347.62,1.26887
2026-03-08 00:28:00,67347.62,67347.62,67347.61,67347.62,1.5175
2026-03-08 00:29:00,67347.61,67347.62,67347.61,67347.61,0.7464
2026-03-08 00:30:00,67347.62,67365.78,67347.61,67355.27,2.14733
2026-03-08 00:31:00,67355.27,67355.28,67326.36,67326.37,2.37031
2026-03-08 00:32:00,67326.36,67332.9,67320.0,67332.9,3.86295
2026-03-08 00:33:00,67332.89,67332.9,67332.89,67332.89,0.70861
2026-03-08 00:34:00,67332.89,67332.9,67332.89,67332.9,5.79064
2026-03-08 00:35:00,67332.89,67332.9,67300.0,67300.21,3.9107
2026-03-08 00:36:00,67300.21,67329.31,67271.01,67274.35,9.52643
2026-03-08 00:37:00,67274.34,67274.91,67247.23,67274.91,7.27859
2026-03-08 00:38:00,67274.91,67294.0,67274.9,67288.74,3.39927
2026-03-08 00:39:00,67288.74,67322.03,67288.73,67322.02,28.2463
2026-03-08 00:40:00,67322.03,67339.58,67310.14,67339.57,6.20883
2026-03-08 00:41:00,67339.58,67339.58,67302.92,67302.92,3.32576
2026-03-08 00:42:00,67302.92,67302.92,67290.63,67290.63,1.24313
2026-03-08 00:43:00,67290.62,67290.62,67247.24,67256.81,5.64883
2026-03-08 00:44:00,67256.8,67326.01,67256.8,67326.01,113.09531
2026-03-08 00:45:00,67326.01,67326.01,67276.01,67278.08,7.57404
2026-03-08 00:46:00,67278.08,67287.08,67238.06,67238.07,6.19638
2026-03-08 00:47:00,67238.07,67238.07,67189.96,67213.12,19.48791
2026-03-08 00:48:00,67213.12,67214.12,67185.44,67201.18,38.47793
2026-03-08 00:49:00,67201.17,67201.18,67182.67,67199.44,2.70068
2026-03-08 00:50:00,67199.45,67234.39,67199.44,67220.24,9.56433
2026-03-08 00:51:00,67220.24,67220.25,67185.9,67199.26,4.43142
2026-03-08 00:52:00,67199.26,67214.58,67182.67,67182.67,2.27759
2026-03-08 00:53:00,67182.66,67197.23,67182.66,67184.95,3.92575
2026-03-08 00:54:00,67184.95,67207.28,67184.94,67207.28,1.74598
2026-03-08 00:55:00,67207.27,67207.27,67181.04,67181.04,3.01944
2026-03-08 00:56:00,67181.04,67193.3,67181.04,67193.29,0.99204
2026-03-08 00:57:00,67193.29,67218.63,67193.29,67218.63,1.9487
2026-03-08 00:58:00,67218.62,67233.25,67218.62,67233.25,2.26512
2026-03-08 00:59:00,67233.24,67233.25,67194.76,67194.77,6.31054
2026-03-08 01:00:00,67194.77,67223.61,67193.29,67200.01,7.15335
2026-03-08 01:01:00,67200.0,67200.0,67164.94,67172.8,5.15162
2026-03-08 01:02:00,67172.8,67204.92,67172.79,67184.33,5.40797
2026-03-08 01:03:00,67184.33,67210.93,67181.31,67199.75,2.99131
2026-03-08 01:04:00,67199.74,67203.6,67173.39,67173.39,2.25207
2026-03-08 01:05:00,67173.38,67189.31,67158.0,67169.9,3.8951
2026-03-08 01:06:00,67169.9,67220.65,67169.9,67220.65,5.59292
2026-03-08 01:07:00,67220.65,67287.03,67220.65,67287.03,4.66965
2026-03-08 01:08:00,67287.02,67311.68,67276.75,67276.76,5.71221
2026-03-08 01:09:00,67276.75,67282.28,67257.08,67282.28,11.86773
2026-03-08 01:10:00,67282.28,67282.28,67239.16,67239.17,3.82112
2026-03-08 01:11:00,67239.16,67239.17,67213.34,67227.34,5.83951
2026-03-08 01:12:00,67227.34,67258.71,67227.34,67258.71,1.48102
2026-03-08 01:13:00,67258.7,67258.9,67258.7,67258.89,1.43432
2026-03-08 01:14:00,67258.89,67283.14,67258.89,67277.16,4.51394
2026-03-08 01:15:00,67277.16,67305.76,67276.05,67279.91,9.754
2026-03-08 01:16:00,67279.91,67321.12,67279.91,67321.11,4.98108
2026-03-08 01:17:00,67321.12,67321.12,67314.39,67315.51,1.99115
2026-03-08 01:18:00,67315.5,67315.5,67265.6,67265.61,4.43849
2026-03-08 01:19:00,67265.61,67269.06,67261.16,67268.67,1.94484
2026-03-08 01:20:00,67268.68,67285.17,67268.67,67285.16,0.64728
2026-03-08 01:21:00,67285.17,67300.74,67285.16,67300.74,0.51747
2026-03-08 01:22:00,67300.73,67300.73,67265.97,67265.97,1.90273
2026-03-08 01:23:00,67265.97,67281.28,67261.32,67281.27,1.65103
2026-03-08 01:24:00,67281.28,67310.46,67248.47,67250.84,6.10114
2026-03-08 01:25:00,67250.85,67287.18,67250.84,67287.18,1.05903
2026-03-08 01:26:00,67287.18,67288.0,67273.92,67275.74,4.52139
2026-03-08 01:27:00,67275.74,67275.74,67263.65,67263.65,0.88718
2026-03-08 01:28:00,67263.66,67278.12,67263.65,67278.12,1.74206
2026-03-08 01:29:00,67278.11,67294.61,67219.75,67219.99,151.61061
2026-03-08 01:30:00,67220.0,67220.0,67151.02,67151.02,10.56603
2026-03-08 01:31:00,67151.03,67151.03,67116.67,67134.99,11.71396
2026-03-08 01:32:00,67135.0,67135.0,67090.0,67106.23,8.11665
2026-03-08 01:33:00,67106.24,67128.92,67100.65,67124.97,22.16983
2026-03-08 01:34:00,67124.97,67124.98,67097.03,67097.04,7.47945
2026-03-08 01:35:00,67097.03,67097.04,67090.01,67097.03,2.40553
2026-03-08 01:36:00,67097.03,67286.71,67097.02,67193.87,165.96645
2026-03-08 01:37:00,67193.87,67252.0,67175.0,67236.72,9.76502
2026-03-08 01:38:00,67236.72,67246.26,67232.29,67246.25,1.12669
2026-03-08 01:39:00,67246.26,67246.26,67237.12,67237.38,4.8252
2026-03-08 01:40:00,67237.37,67237.38,67237.37,67237.38,0.86766
2026-03-08 01:41:00,67237.37,67244.4,67237.37,67244.39,1.82851
2026-03-08 01:42:00,67244.39,67244.4,67244.39,67244.4,1.72779
2026-03-08 01:43:00,67244.39,67284.0,67244.39,67282.0,4.32439
2026-03-08 01:44:00,67281.99,67316.97,67281.99,67310.81,5.92519
2026-03-08 01:45:00,67310.82,67310.82,67291.51,67293.34,4.89173
2026-03-08 01:46:00,67293.34,67304.12,67293.33,67304.12,2.16402
2026-03-08 01:47:00,67304.12,67336.29,67304.11,67319.5,5.23332
2026-03-08 01:48:00,67319.49,67328.74,67317.69,67317.7,3.30382
2026-03-08 01:49:00,67317.7,67326.06,67311.97,67326.06,3.61782
2026-03-08 01:50:00,67326.06,67329.61,67326.06,67329.61,1.30807
2026-03-08 01:51:00,67329.6,67344.5,67329.6,67344.49,4.73821
2026-03-08 01:52:00,67344.5,67353.57,67344.49,67353.57,2.7446
2026-03-08 01:53:00,67353.57,67353.57,67333.72,67344.09,2.28031
2026-03-08 01:54:00,67344.1,67353.57,67344.1,67353.57,1.00445
2026-03-08 01:55:00,67353.57,67353.57,67334.32,67334.33,2.04342
2026-03-08 01:56:00,67334.32,67334.33,67334.32,67334.33,0.8702
2026-03-08 01:57:00,67334.33,67334.33,67300.0,67305.99,3.65158
2026-03-08 01:58:00,67306.0,67306.0,67297.26,67297.27,2.9285
2026-03-08 01:59:00,67297.27,67297.27,67297.26,67297.27,0.73391
2026-03-08 02:00:00,67297.27,67297.27,67267.21,67278.99,7.89492
2026-03-08 02:01:00,67278.99,67279.0,67258.4,67268.0,3.75418
2026-03-08 02:02:00,67267.99,67269.97,67264.58,67269.97,1.48613
2026-03-08 02:03:00,67269.97,67277.18,67269.97,67272.47,0.82532
2026-03-08 02:04:00,67272.46,67272.47,67259.61,67259.61,2.56858
2026-03-08 02:05:00,67259.62,67264.14,67246.23,67264.13,4.04836
2026-03-08 02:06:00,67264.13,67284.18,67264.13,67284.17,1.51241
2026-03-08 02:07:00,67284.17,67291.99,67284.17,67291.98,1.06139
2026-03-08 02:08:00,67291.98,67291.99,67289.52,67289.53,0.53935
2026-03-08 02:09:00,67289.52,67289.52,67226.92,67231.27,3.02358
2026-03-08 02:10:00,67231.27,67231.27,67231.26,67231.27,0.55762
2026-03-08 02:11:00,67231.26,67255.27,67231.26,67236.18,4.44476
2026-03-08 02:12:00,67236.17,67236.17,67217.57,67225.61,3.0603
2026-03-08 02:13:00,67225.6,67246.5,67225.6,67246.5,1.02414
2026-03-08 02:14:00,67246.5,67318.0,67246.49,67317.99,86.13154
2026-03-08 02:15:00,67317.99,67325.72,67304.53,67325.72,1.26008
2026-03-08 02:16:00,67325.72,67344.94,67325.71,67340.22,2.45859
2026-03-08 02:17:00,67340.22,67353.57,67337.27,67353.56,2.34314
2026-03-08 02:18:00,67353.56,67353.57,67269.92,67295.32,38.5456
2026-03-08 02:19:00,67295.33,67295.33,67224.0,67254.57,51.49604
2026-03-08 02:20:00,67254.57,67286.77,67254.57,67286.77,3.79477
2026-03-08 02:21:00,67286.76,67295.83,67286.76,67295.82,1.71312
2026-03-08 02:22:00,67295.82,67297.02,67295.82,67297.02,2.28343
2026-03-08 02:23:00,67297.01,67300.0,67275.32,67286.99,14.47211
2026-03-08 02:24:00,67286.99,67286.99,67267.89,67286.65,13.61793
2026-03-08 02:25:00,67286.66,67308.0,67286.65,67298.78,2.55947
2026-03-08 02:26:00,67298.78,67298.78,67275.23,67275.23,1.55199
2026-03-08 02:27:00,67275.23,67275.24,67245.0,67245.01,2.31366
2026-03-08 02:28:00,67245.01,67250.53,67231.19,67238.09,14.0328
2026-03-08 02:29:00,67238.09,67244.04,67208.73,67223.65,30.38075
2026-03-08 02:30:00,67223.64,67223.65,67170.3,67171.35,6.59956
2026-03-08 02:31:00,67171.35,67176.93,67114.53,67136.88,15.52601
2026-03-08 02:32:00,67136.88,67177.92,67136.88,67152.6,1.83806
2026-03-08 02:33:00,67152.61,67185.04,67152.61,67185.03,9.07479
2026-03-08 02:34:00,67185.04,67201.92,67185.04,67200.9,1.38737
2026-03-08 02:35:00,67200.9,67226.64,67200.9,67224.93,2.93398
2026-03-08 02:36:00,67224.94,67224.94,67194.8,67194.81,1.19371
2026-03-08 02:37:00,67194.8,67194.8,67153.89,67173.59,3.13197
2026-03-08 02:38:00,67173.93,67210.0,67173.93,67209.99,0.99118
2026-03-08 02:39:00,67210.0,67224.81,67192.81,67192.81,23.10083
2026-03-08 02:40:00,67192.81,67226.63,67192.81,67226.62,3.53266
2026-03-08 02:41:00,67226.62,67243.68,67198.32,67231.67,16.24374
2026-03-08 02:42:00,67231.68,67237.49,67219.04,67237.49,1.71998
2026-03-08 02:43:00,67237.48,67426.52,67237.48,67420.66,63.70464
2026-03-08 02:44:00,67420.66,67420.67,67396.0,67404.29,6.45803
2026-03-08 02:45:00,67404.29,67404.29,67307.41,67318.08,6.76913
2026-03-08 02:46:00,67318.08,67338.26,67302.22,67302.22,5.78804
2026-03-08 02:47:00,67302.22,67302.22,67184.58,67184.59,12.28119
2026-03-08 02:48:00,67184.59,67221.2,67184.58,67205.77,5.84717
2026-03-08 02:49:00,67205.76,67205.76,67071.7,67078.65,21.23794
2026-03-08 02:50:00,67078.65,67124.0,66846.75,66855.87,88.69142
2026-03-08 02:51:00,66855.87,66972.0,66833.58,66919.2,78.09653
2026-03-08 02:52:00,66919.19,66991.29,66915.08,66965.15,8.47541
2026-03-08 02:53:00,66965.15,67006.0,66940.47,67005.99,13.00407
2026-03-08 02:54:00,67006.0,67030.58,66982.0,67015.01,9.77021
2026-03-08 02:55:00,67015.0,67023.99,66993.31,67014.8,8.96576
2026-03-08 02:56:00,67014.8,67030.59,66943.43,66949.4,15.07114
2026-03-08 02:57:00,66949.39,66980.08,66919.17,66980.08,6.07836
2026-03-08 02:58:00,66980.08,67010.28,66911.49,66920.87,17.23497
2026-03-08 02:59:00,66920.88,66930.05,66917.05,66925.44,6.4032
2026-03-08 03:00:00,66925.45,66929.97,66850.0,66913.02,15.07103
2026-03-08 03:01:00,66913.01,66928.37,66882.25,66928.37,9.82979
2026-03-08 03:02:00,66928.36,66930.29,66887.17,66930.29,4.63325
2026-03-08 03:03:00,66930.29,66991.46,66930.29,66946.07,5.40525
2026-03-08 03:04:00,66946.07,66976.53,66916.71,66916.71,19.70119
2026-03-08 03:05:00,66916.72,66942.06,66916.72,66942.06,6.63558
2026-03-08 03:06:00,66942.05,66992.74,66942.05,66992.74,6.85188
2026-03-08 03:07:00,66992.73,67029.82,66987.1,67022.74,5.10916
2026-03-08 03:08:00,67022.74,67022.75,66956.06,66956.07,11.99053
2026-03-08 03:09:00,66956.07,66990.0,66908.99,66909.0,139.63495
2026-03-08 03:10:00,66908.99,66998.78,66908.99,66971.79,6.78277
2026-03-08 03:11:00,66971.8,66971.8,66933.87,66953.24,11.11127
2026-03-08 03:12:00,66953.24,66985.47,66953.24,66985.46,7.76931
2026-03-08 03:13:00,66985.46,66997.45,66971.18,66976.68,4.44692
2026-03-08 03:14:00,66976.69,66976.7,66963.12,66976.7,5.16038
2026-03-08 03:15:00,66976.69,67029.82,66976.69,67020.1,5.93242
2026-03-08 03:16:00,67020.11,67083.1,67020.1,67068.9,7.85808
2026-03-08 03:17:00,67068.9,67068.9,67046.16,67051.6,5.52196
2026-03-08 03:18:00,67051.61,67051.61,67009.28,67009.28,2.81972
2026-03-08 03:19:00,67009.29,67025.28,67000.72,67025.28,8.8845
2026-03-08 03:20:00,67025.28,67025.28,67000.87,67010.95,7.97338
2026-03-08 03:21:00,67010.94,67010.95,67000.01,67000.02,2.02936
2026-03-08 03:22:00,67000.01,67025.12,67000.01,67015.34,3.62974
2026-03-08 03:23:00,67015.33,67025.28,67000.02,67025.28,3.32061
2026-03-08 03:24:00,67025.28,67057.72,67024.69,67039.01,6.67104
2026-03-08 03:25:00,67039.0,67039.01,67004.68,67004.69,2.07607
2026-03-08 03:26:00,67004.69,67023.65,66989.64,66995.24,6.42953
2026-03-08 03:27:00,66995.25,67012.2,66995.25,66998.07,4.42448
2026-03-08 03:28:00,66998.08,67000.02,66998.07,67000.01,1.79322
2026-03-08 03:29:00,67000.0,67037.24,67000.0,67005.1,26.78324
2026-03-08 03:30:00,67005.1,67031.18,66990.0,67031.17,4.23576
2026-03-08 03:31:00,67031.18,67035.88,66961.37,66963.13,8.25899
2026-03-08 03:32:00,66963.12,66990.54,66963.12,66972.48,2.74837
2026-03-08 03:33:00,66972.48,66984.3,66940.47,66940.48,7.10159
2026-03-08 03:34:00,66940.48,67016.01,66940.47,67016.01,159.87865
2026-03-08 03:35:00,67016.0,67016.0,66976.15,66976.16,2.81095
2026-03-08 03:36:00,66976.15,67000.0,66976.15,67000.0,4.70376
2026-03-08 03:37:00,67000.0,67015.01,66999.99,67004.06,6.33001
2026-03-08 03:38:00,67004.06,67030.59,67004.05,67030.59,1.37889
2026-03-08 03:39:00,67030.59,67047.57,66997.3,66997.3,18.12083
2026-03-08 03:40:00,66997.31,66997.31,66977.14,66977.14,4.49485
2026-03-08 03:41:00,66976.9,66994.55,66976.9,66994.55,2.35166
2026-03-08 03:42:00,66994.55,66994.55,66969.19,66975.0,1.93444
2026-03-08 03:43:00,66975.01,67020.89,66975.01,67014.52,3.3359
2026-03-08 03:44:00,67014.52,67014.84,66994.81,66994.82,14.97111
2026-03-08 03:45:00,66994.81,67020.79,66993.01,67020.78,7.64543
2026-03-08 03:46:00,67020.78,67042.56,67020.78,67040.76,1.93937
2026-03-08 03:47:00,67040.77,67057.71,67036.04,67040.1,9.34928
2026-03-08 03:48:00,67040.11,67054.19,67040.1,67050.09,7.62847
2026-03-08 03:49:00,67050.09,67053.57,66984.99,66985.0,169.87272
2026-03-08 03:50:00,66985.0,67060.9,66984.99,67024.47,19.76275
2026-03-08 03:51:00,67024.48,67043.67,67017.98,67017.99,4.66292
2026-03-08 03:52:00,67017.98,67030.97,67017.98,67030.96,1.94053
2026-03-08 03:53:00,67030.97,67038.88,67030.97,67038.88,1.5076
2026-03-08 03:54:00,67038.88,67038.88,66999.93,67000.22,17.97241
2026-03-08 03:55:00,67000.22,67035.36,67000.21,67035.35,2.76949
2026-03-08 03:56:00,67035.36,67071.04,67035.35,67056.94,8.93566
2026-03-08 03:57:00,67056.93,67056.94,67038.0,67038.01,3.13302
2026-03-08 03:58:00,67038.0,67062.04,67038.0,67056.99,5.61603
2026-03-08 03:59:00,67057.0,67058.26,66969.99,67000.26,137.73419
2026-03-08 04:00:00,67000.26,67026.94,66984.78,66999.79,13.63848
2026-03-08 04:01:00,66999.79,67017.09,66978.54,66978.54,4.89718
2026-03-08 04:02:00,66978.54,66989.63,66956.21,66960.9,4.58475
2026-03-08 04:03:00,66960.91,66962.16,66931.29,66962.16,7.00794
2026-03-08 04:04:00,66962.15,67038.22,66962.15,67025.61,46.76757
2026-03-08 04:05:00,67025.61,67025.61,67001.03,67005.75,37.26592
2026-03-08 04:06:00,67005.75,67026.95,67005.75,67016.72,1.83969
2026-03-08 04:07:00,67016.72,67056.8,67016.72,67056.8,1.17439
2026-03-08 04:08:00,67056.8,67076.4,67052.12,67076.01,3.58277
2026-03-08 04:09:00,67076.0,67076.01,66942.32,67036.85,79.47755
2026-03-08 04:10:00,67036.85,67036.85,67008.71,67017.52,12.75456
2026-03-08 04:11:00,67017.51,67034.8,67017.51,67023.27,4.63341
2026-03-08 04:12:00,67023.26,67023.27,66972.12,66972.12,2.98934
2026-03-08 04:13:00,66972.12,66972.13,66936.47,66946.42,7.22427
2026-03-08 04:14:00,66946.42,67070.58,66946.41,67029.3,175.36467
2026-03-08 04:15:00,67029.31,67029.31,66965.65,66979.91,39.24846
2026-03-08 04:16:00,66979.91,66996.69,66973.84,66996.69,2.82348
2026-03-08 04:17:00,66996.69,67028.51,66996.69,67027.41,4.75485
2026-03-08 04:18:00,67027.41,67060.85,67020.71,67056.15,5.90004
2026-03-08 04:19:00,67056.16,67069.86,67054.42,67069.86,4.51089
2026-03-08 04:20:00,67069.85,67100.01,67069.85,67084.88,11.51249
2026-03-08 04:21:00,67084.87,67084.87,67061.74,67061.74,1.26308
2026-03-08 04:22:00,67061.74,67061.75,67061.74,67061.75,1.06644
2026-03-08 04:23:00,67061.74,67065.77,67061.74,67065.77,1.50753
2026-03-08 04:24:00,67065.77,67065.77,67040.53,67045.5,3.11923
2026-03-08 04:25:00,67045.5,67051.85,67021.55,67035.09,6.68246
2026-03-08 04:26:00,67035.09,67042.0,67035.08,67042.0,0.8577
2026-03-08 04:27:00,67041.99,67042.0,67031.8,67033.0,1.45402
2026-03-08 04:28:00,67033.0,67033.01,67000.0,67016.24,6.69712
2026-03-08 04:29:00,67016.25,67058.77,67007.2,67008.78,166.69667
2026-03-08 04:30:00,67008.78,67013.49,66993.7,67000.9,17.18126
2026-03-08 04:31:00,67000.89,67003.29,66989.42,66989.43,1.75468
2026-03-08 04:32:00,66989.43,67003.02,66989.42,67003.02,1.78124
2026-03-08 04:33:00,67003.01,67007.9,67003.01,67007.9,0.92095
2026-03-08 04:34:00,67007.9,67017.8,67003.65,67003.65,2.15981
2026-03-08 04:35:00,67003.66,67003.66,66951.97,66956.24,3.99559
2026-03-08 04:36:00,66956.25,66977.49,66956.24,66977.49,1.58844
2026-03-08 04:37:00,66977.48,66977.48,66914.81,66943.1,34.81417
2026-03-08 04:38:00,66943.1,66953.0,66943.1,66950.0,8.28289
2026-03-08 04:39:00,66950.0,66992.84,66949.99,66992.84,24.81181
2026-03-08 04:40:00,66992.84,66992.84,66963.94,66963.94,3.61784
2026-03-08 04:41:00,66963.95,66963.95,66917.08,66938.1,5.14212
2026-03-08 04:42:00,66938.09,66956.43,66938.09,66953.7,2.31572
2026-03-08 04:43:00,66953.69,66962.2,66953.69,66956.21,3.05664
2026-03-08 04:44:00,66956.21,66971.93,66956.2,66960.41,15.04046
2026-03-08 04:45:00,66960.41,66965.1,66941.99,66947.07,4.75017
2026-03-08 04:46:00,66947.07,66947.07,66931.66,66931.67,2.03964
2026-03-08 04:47:00,66931.66,66931.67,66850.0,66856.46,16.29385
2026-03-08 04:48:00,66856.46,66866.0,66801.83,66866.0,38.14803
2026-03-08 04:49:00,66866.11,66898.55,66864.73,66879.94,28.89843
2026-03-08 04:50:00,66879.94,66879.94,66830.0,66830.01,4.93547
2026-03-08 04:51:00,66830.01,66876.78,66804.86,66876.78,9.38673
2026-03-08 04:52:00,66876.78,66881.68,66873.26,66881.68,2.48774
2026-03-08 04:53:00,66881.67,66881.67,66761.71,66762.17,31.07233
2026-03-08 04:54:00,66762.17,66762.18,66616.65,66626.99,114.88244
2026-03-08 04:55:00,66626.99,66639.14,66547.15,66627.63,85.54867
2026-03-08 04:56:00,66627.64,66694.23,66627.64,66647.56,16.30778
2026-03-08 04:57:00,66647.55,66651.85,66619.33,66619.33,8.87646
2026-03-08 04:58:00,66618.0,66657.34,66607.28,66657.34,14.97995
2026-03-08 04:59:00,66657.33,66666.0,66617.76,66637.36,40.51488
2026-03-08 05:00:00,66637.35,66695.77,66617.76,66682.01,16.24933
2026-03-08 05:01:00,66682.01,66731.35,66682.01,66724.96,9.55904
2026-03-08 05:02:00,66724.95,66749.96,66715.86,66749.95,10.82907
2026-03-08 05:03:00,66749.96,66786.87,66746.41,66780.33,5.63377
2026-03-08 05:04:00,66780.34,66780.34,66742.96,66766.03,2.14066
2026-03-08 05:05:00,66766.03,66824.0,66766.03,66824.0,2.66569
2026-03-08 05:06:00,66824.0,66837.82,66814.35,66832.86,7.31415
2026-03-08 05:07:00,66832.86,66923.74,66832.85,66908.07,8.32232
2026-03-08 05:08:00,66908.07,66932.0,66908.07,66915.47,5.05035
2026-03-08 05:09:00,66915.47,66947.04,66915.47,66920.8,12.48927
2026-03-08 05:10:00,66920.81,66941.36,66911.66,66923.54,3.41657
2026-03-08 05:11:00,66923.54,66946.93,66923.53,66943.61,6.91711
2026-03-08 05:12:00,66943.61,66953.27,66912.14,66921.99,2.97979
2026-03-08 05:13:00,66921.99,66959.41,66921.98,66959.41,2.00093
2026-03-08 05:14:00,66959.41,66988.57,66959.41,66978.72,3.86513
2026-03-08 05:15:00,66978.71,66986.99,66959.41,66980.0,4.56426
2026-03-08 05:16:00,66979.99,66988.57,66959.41,66988.57,2.88855
2026-03-08 05:17:00,66988.57,67034.3,66988.56,67003.0,12.01477
2026-03-08 05:18:00,67003.0,67027.13,66988.78,67027.12,12.25482
2026-03-08 05:19:00,67027.13,67062.66,67019.3,67020.73,2.32363
2026-03-08 05:20:00,67020.73,67052.92,67020.72,67052.92,3.79964
2026-03-08 05:21:00,67052.92,67069.31,67049.47,67065.54,2.48404
2026-03-08 05:22:00,67065.55,67165.3,67065.54,67149.96,11.91658
2026-03-08 05:23:00,67149.96,67149.97,67093.57,67126.72,6.17198
2026-03-08 05:24:00,67126.72,67147.93,67118.84,67147.93,4.90813
2026-03-08 05:25:00,67147.93,67197.11,67147.92,67183.29,7.31487
2026-03-08 05:26:00,67183.29,67183.29,67167.87,67178.3,7.22449
2026-03-08 05:27:00,67178.29,67179.99,67162.67,67166.05,16.76663
2026-03-08 05:28:00,67166.05,67170.08,67148.19,67164.33,13.79606
2026-03-08 05:29:00,67164.33,67164.33,67126.6,67126.61,6.5615
2026-03-08 05:30:00,67126.61,67195.03,67126.61,67170.27,8.56725
2026-03-08 05:31:00,67170.28,67207.87,67170.27,67207.87,3.44916
2026-03-08 05:32:00,67207.88,67207.88,67118.38,67118.38,5.88312
2026-03-08 05:33:00,67118.39,67131.33,67118.38,67125.18,3.09374
2026-03-08 05:34:00,67125.18,67134.4,67104.0,67104.01,2.44136
2026-03-08 05:35:00,67104.0,67126.43,67104.0,67126.43,1.48556
2026-03-08 05:36:00,67126.43,67168.61,67126.43,67145.87,3.17345
2026-03-08 05:37:00,67145.87,67152.17,67124.71,67146.24,6.46512
2026-03-08 05:38:00,67146.23,67171.52,67144.61,67158.59,1.50023
2026-03-08 05:39:00,67158.59,67178.61,67158.59,67178.6,1.35852
2026-03-08 05:40:00,67178.61,67194.72,67178.6,67194.72,3.85913
2026-03-08 05:41:00,67194.71,67194.71,67155.35,67173.28,3.22628
2026-03-08 05:42:00,67173.27,67188.01,67161.55,67161.55,4.9108
2026-03-08 05:43:00,67161.56,67187.25,67160.2,67187.25,1.7625
2026-03-08 05:44:00,67187.25,67192.76,67187.24,67192.25,2.94283
2026-03-08 05:45:00,67192.25,67200.0,67192.24,67200.0,2.7879
2026-03-08 05:46:00,67200.0,67217.18,67200.0,67217.17,4.24841
2026-03-08 05:47:00,67217.17,67217.82,67214.89,67214.9,4.72054
2026-03-08 05:48:00,67214.89,67230.68,67207.82,67207.82,5.30384
2026-03-08 05:49:00,67207.82,67224.22,67207.82,67224.22,4.97171
2026-03-08 05:50:00,67224.22,67224.41,67203.69,67210.33,7.57343
2026-03-08 05:51:00,67210.33,67216.2,67201.29,67210.75,1.66608
2026-03-08 05:52:00,67210.76,67215.24,67171.55,67178.1,5.93726
2026-03-08 05:53:00,67178.1,67182.85,67158.61,67171.31,13.42268
2026-03-08 05:54:00,67171.3,67234.03,67171.3,67234.02,54.95194
2026-03-08 05:55:00,67234.02,67250.24,67200.51,67250.24,11.01912
2026-03-08 05:56:00,67250.23,67250.23,67187.75,67187.76,4.59007
2026-03-08 05:57:00,67187.76,67187.76,67166.82,67180.57,4.11246
2026-03-08 05:58:00,67180.58,67186.85,67145.35,67145.35,2.89961
2026-03-08 05:59:00,67145.35,67156.96,67132.84,67149.93,5.2563
2026-03-08 06:00:00,67149.93,67171.15,67147.01,67171.14,4.05756
2026-03-08 06:01:00,67171.15,67171.15,67171.14,67171.15,1.27879
2026-03-08 06:02:00,67171.15,67198.0,67171.14,67188.28,3.82566
2026-03-08 06:03:00,67188.27,67223.07,67188.27,67210.41,1.63088
2026-03-08 06:04:00,67210.41,67230.0,67210.41,67221.75,2.53208
2026-03-08 06:05:00,67221.75,67231.86,67207.74,67207.75,3.30382
2026-03-08 06:06:00,67207.75,67207.75,67170.97,67171.13,4.00632
2026-03-08 06:07:00,67171.12,67195.91,67171.11,67194.39,4.05513
2026-03-08 06:08:00,67194.4,67194.4,67179.98,67183.82,2.11487
2026-03-08 06:09:00,67183.82,67197.8,67183.81,67197.79,2.62768
2026-03-08 06:10:00,67197.79,67212.03,67190.2,67190.21,3.04652
2026-03-08 06:11:00,67190.21,67190.21,67144.3,67157.03,6.14846
2026-03-08 06:12:00,67157.03,67157.03,67116.26,67119.33,4.35671
2026-03-08 06:13:00,67119.33,67119.33,67092.41,67102.06,7.16923
2026-03-08 06:14:00,67102.06,67117.73,67099.26,67099.27,1.45963
2026-03-08 06:15:00,67099.26,67133.87,67099.26,67125.61,4.46737
2026-03-08 06:16:00,67125.62,67145.77,67125.61,67129.82,2.76022
2026-03-08 06:17:00,67129.82,67140.05,67129.81,67136.92,1.95578
2026-03-08 06:18:00,67136.91,67153.48,67136.91,67142.51,3.19923
2026-03-08 06:19:00,67142.51,67147.21,67075.69,67088.99,39.19298
2026-03-08 06:20:00,67088.99,67117.29,67080.74,67117.29,2.99573
2026-03-08 06:21:00,67117.28,67142.01,67117.28,67140.28,2.29508
2026-03-08 06:22:00,67140.28,67156.0,67118.88,67155.99,2.63222
2026-03-08 06:23:00,67156.0,67167.41,67147.35,67147.35,1.59304
2026-03-08 06:24:00,67147.36,67147.36,67131.97,67131.97,1.41618
2026-03-08 06:25:00,67131.97,67131.98,67131.97,67131.97,0.96237
2026-03-08 06:26:00,67131.98,67131.98,67109.29,67115.16,1.51391
2026-03-08 06:27:00,67115.16,67115.16,67103.42,67103.43,2.96837
2026-03-08 06:28:00,67103.43,67103.43,67088.99,67089.32,2.25443
2026-03-08 06:29:00,67089.32,67089.33,67046.92,67055.04,11.32067
2026-03-08 06:30:00,67055.04,67063.78,67035.18,67063.77,3.39355
2026-03-08 06:31:00,67063.77,67097.13,67063.77,67081.1,5.3823
2026-03-08 06:32:00,67081.1,67081.1,67059.05,67071.4,1.91968
2026-03-08 06:33:00,67071.41,67089.43,67071.4,67089.43,1.88782
2026-03-08 06:34:00,67089.42,67099.89,67048.35,67048.36,5.63777
2026-03-08 06:35:00,67048.36,67079.04,67048.35,67060.87,2.06556
2026-03-08 06:36:00,67060.88,67084.0,67060.88,67083.99,1.44765
2026-03-08 06:37:00,67084.0,67099.94,67084.0,67096.0,1.95631
2026-03-08 06:38:00,67096.01,67108.42,67095.99,67108.42,1.93199
2026-03-08 06:39:00,67108.41,67128.35,67105.99,67128.34,1.68039
2026-03-08 06:40:00,67128.34,67146.96,67119.47,67119.47,5.58729
2026-03-08 06:41:00,67119.48,67127.64,67119.47,67127.64,0.63547
2026-03-08 06:42:00,67127.63,67145.81,67127.63,67145.81,1.65167
2026-03-08 06:43:00,67145.82,67145.82,67135.0,67135.01,2.60278
2026-03-08 06:44:00,67135.01,67135.01,67119.85,67120.0,5.27205
2026-03-08 06:45:00,67120.0,67138.45,67119.99,67136.48,5.60674
2026-03-08 06:46:00,67136.48,67149.99,67136.47,67149.99,2.02036
2026-03-08 06:47:00,67149.99,67160.45,67149.99,67160.44,1.19211
2026-03-08 06:48:00,67160.44,67160.45,67139.54,67139.54,2.23033
2026-03-08 06:49:00,67139.54,67146.31,67120.0,67121.75,4.77165
2026-03-08 06:50:00,67121.75,67132.5,67121.74,67132.5,3.21392
2026-03-08 06:51:00,67132.49,67138.65,67122.0,67122.01,3.04801
2026-03-08 06:52:00,67122.0,67133.53,67122.0,67133.52,3.03306
2026-03-08 06:53:00,67133.52,67133.53,67122.0,67122.01,2.65875
2026-03-08 06:54:00,67122.0,67134.82,67114.98,67134.81,3.62236
2026-03-08 06:55:00,67134.82,67158.01,67134.82,67158.0,2.52506
2026-03-08 06:56:00,67158.01,67177.41,67158.0,67170.85,3.5877
2026-03-08 06:57:00,67170.85,67179.8,67170.85,67179.8,2.31792
2026-03-08 06:58:00,67179.8,67220.73,67179.8,67191.93,4.71609
2026-03-08 06:59:00,67191.92,67196.64,67154.37,67161.52,25.89509
2026-03-08 07:00:00,67161.52,67178.16,67154.91,67162.33,10.26006
2026-03-08 07:01:00,67162.33,67165.82,67162.32,67165.82,2.65126
2026-03-08 07:02:00,67165.82,67185.16,67165.81,67175.45,2.30763
2026-03-08 07:03:00,67175.45,67223.33,67175.44,67223.32,3.20318
2026-03-08 07:04:00,67223.32,67272.72,67209.44,67267.47,47.40163
2026-03-08 07:05:00,67267.47,67423.22,67267.47,67390.61,40.22375
2026-03-08 07:06:00,67390.6,67390.6,67311.57,67339.38,12.95774
2026-03-08 07:07:00,67339.37,67366.77,67331.96,67344.1,11.54238
2026-03-08 07:08:00,67344.09,67354.17,67321.99,67338.2,9.84875
2026-03-08 07:09:00,67338.19,67381.66,67336.11,67374.67,4.16262
2026-03-08 07:10:00,67374.67,67400.0,67358.87,67400.0,6.68906
2026-03-08 07:11:00,67399.99,67399.99,67360.17,67377.37,4.11649
2026-03-08 07:12:00,67377.38,67380.21,67368.16,67380.21,4.09041
2026-03-08 07:13:00,67380.21,67380.21,67347.86,67352.0,16.09826
2026-03-08 07:14:00,67352.0,67400.0,67352.0,67384.2,6.48432
2026-03-08 07:15:00,67384.2,67399.49,67360.55,67360.56,5.07729
2026-03-08 07:16:00,67360.56,67360.96,67344.02,67350.86,2.80709
2026-03-08 07:17:00,67350.86,67400.0,67350.86,67382.82,5.67359
2026-03-08 07:18:00,67382.82,67382.82,67351.76,67366.08,5.66898
2026-03-08 07:19:00,67366.08,67399.99,67366.08,67398.35,2.17298
2026-03-08 07:20:00,67398.34,67465.11,67398.34,67405.97,15.29638
2026-03-08 07:21:00,67405.98,67405.98,67358.56,67363.72,2.39461
2026-03-08 07:22:00,67363.72,67369.35,67350.0,67350.01,4.71851
2026-03-08 07:23:00,67350.0,67350.01,67331.49,67331.5,2.61343
2026-03-08 07:24:00,67331.5,67342.38,67311.57,67338.17,36.73159
2026-03-08 07:25:00,67338.17,67338.17,67304.43,67307.98,5.59595
2026-03-08 07:26:00,67307.98,67319.55,67307.98,67319.54,1.74652
2026-03-08 07:27:00,67319.54,67319.55,67288.8,67288.81,4.02405
2026-03-08 07:28:00,67288.81,67296.35,67288.8,67296.35,1.35505
2026-03-08 07:29:00,67296.35,67410.01,67296.34,67368.15,220.51471
2026-03-08 07:30:00,67368.14,67373.0,67368.14,67368.8,9.71666
2026-03-08 07:31:00,67368.8,67368.81,67357.04,67357.05,3.20068
2026-03-08 07:32:00,67357.04,67357.05,67344.3,67344.32,8.24895
2026-03-08 07:33:00,67344.31,67362.74,67324.97,67342.09,16.36781
2026-03-08 07:34:00,67342.09,67378.06,67264.0,67363.07,197.91358
2026-03-08 07:35:00,67363.07,67363.08,67328.58,67328.59,3.13483
2026-03-08 07:36:00,67328.59,67332.22,67328.58,67332.22,2.36548
2026-03-08 07:37:00,67332.21,67340.73,67332.21,67340.72,3.3464
2026-03-08 07:38:00,67340.73,67350.72,67326.23,67350.72,7.30106
2026-03-08 07:39:00,67350.72,67353.13,67350.71,67353.12,3.69994
2026-03-08 07:40:00,67353.12,67353.13,67343.32,67343.33,1.75945
2026-03-08 07:41:00,67343.33,67343.33,67330.53,67332.42,2.9346
2026-03-08 07:42:00,67332.41,67358.94,67332.41,67345.31,6.32444
2026-03-08 07:43:00,67345.3,67345.31,67330.48,67334.05,4.31382
2026-03-08 07:44:00,67334.05,67350.05,67286.93,67313.44,62.34187
2026-03-08 07:45:00,67313.44,67313.44,67313.43,67313.44,1.36951
2026-03-08 07:46:00,67313.43,67323.22,67313.43,67317.57,6.62577
2026-03-08 07:47:00,67317.57,67317.57,67282.72,67282.72,5.27797
2026-03-08 07:48:00,67282.73,67307.17,67262.87,67307.17,5.35712
2026-03-08 07:49:00,67307.17,67329.71,67249.67,67264.76,84.9845
2026-03-08 07:50:00,67264.76,67286.25,67264.75,67286.25,1.95974
2026-03-08 07:51:00,67286.25,67317.46,67286.24,67316.82,3.13264
2026-03-08 07:52:00,67316.81,67317.48,67316.81,67317.48,4.443
2026-03-08 07:53:00,67317.47,67317.48,67293.61,67293.62,1.49337
2026-03-08 07:54:00,67293.61,67293.62,67273.3,67273.3,6.19458
2026-03-08 07:55:00,67273.31,67279.66,67273.31,67279.66,3.54067
2026-03-08 07:56:00,67279.66,67279.66,67271.99,67271.99,2.08825
2026-03-08 07:57:00,67272.0,67280.41,67271.99,67280.41,2.65095
2026-03-08 07:58:00,67280.41,67280.41,67279.0,67279.0,2.3258
2026-03-08 07:59:00,67279.01,67332.0,67279.0,67319.91,47.73731
2026-03-08 08:00:00,67319.9,67354.35,67319.89,67354.35,5.08581
2026-03-08 08:01:00,67354.35,67354.35,67296.0,67300.72,9.01158
2026-03-08 08:02:00,67300.72,67300.73,67268.0,67278.9,4.55206
2026-03-08 08:03:00,67278.9,67306.65,67278.89,67306.65,2.67495
2026-03-08 08:04:00,67306.64,67316.47,67306.64,67316.46,8.91734
2026-03-08 08:05:00,67316.47,67319.98,67285.95,67285.96,4.34365
2026-03-08 08:06:00,67285.95,67319.63,67285.94,67305.79,8.55614
2026-03-08 08:07:00,67305.78,67336.57,67305.78,67332.31,17.35782
2026-03-08 08:08:00,67332.31,67332.32,67314.79,67331.29,15.30171
2026-03-08 08:09:00,67331.29,67331.29,67237.43,67282.71,41.92617
2026-03-08 08:10:00,67282.71,67282.71,67267.18,67267.19,3.21433
2026-03-08 08:11:00,67267.18,67311.11,67267.18,67311.1,3.6769
2026-03-08 08:12:00,67311.1,67324.0,67311.1,67324.0,3.09763
2026-03-08 08:13:00,67324.0,67330.0,67323.99,67330.0,1.7116
2026-03-08 08:14:00,67329.99,67399.01,67168.54,67239.55,272.17243
2026-03-08 08:15:00,67239.55,67239.56,67202.49,67208.7,7.30323
2026-03-08 08:16:00,67208.7,67208.7,67191.03,67191.03,2.40919
2026-03-08 08:17:00,67191.03,67198.58,67166.55,67185.0,8.14582
2026-03-08 08:18:00,67185.0,67205.74,67156.93,67205.73,33.10568
2026-03-08 08:19:00,67205.73,67289.02,67205.73,67274.88,71.83284
2026-03-08 08:20:00,67274.89,67291.74,67260.87,67271.9,6.44707
2026-03-08 08:21:00,67271.89,67280.51,67271.89,67280.51,1.13488
2026-03-08 08:22:00,67280.51,67285.7,67270.52,67270.52,3.74981
2026-03-08 08:23:00,67270.52,67270.52,67250.02,67250.03,2.0076
2026-03-08 08:24:00,67250.03,67302.54,67239.91,67296.35,41.82392
2026-03-08 08:25:00,67296.34,67296.35,67265.5,67265.51,1.83966
2026-03-08 08:26:00,67265.5,67265.51,67265.5,67265.51,1.25989
2026-03-08 08:27:00,67265.5,67270.13,67265.5,67270.12,0.99103
2026-03-08 08:28:00,67270.13,67278.47,67270.12,67278.47,0.88402
2026-03-08 08:29:00,67278.46,67278.47,67273.75,67276.85,6.16541
2026-03-08 08:30:00,67276.85,67281.98,67276.84,67281.98,0.95823
2026-03-08 08:31:00,67281.98,67304.39,67281.97,67303.14,1.15904
2026-03-08 08:32:00,67303.15,67303.15,67281.96,67281.97,1.93385
2026-03-08 08:33:00,67281.97,67281.97,67232.97,67263.03,23.86001
2026-03-08 08:34:00,67263.03,67314.39,67261.06,67314.38,62.49371
2026-03-08 08:35:00,67314.39,67336.54,67314.38,67317.02,20.33028
2026-03-08 08:36:00,67317.02,67331.14,67317.01,67318.5,3.53749
2026-03-08 08:37:00,67318.29,67318.29,67289.76,67304.38,5.26312
2026-03-08 08:38:00,67304.38,67314.08,67304.37,67314.08,1.46564
2026-03-08 08:39:00,67314.08,67332.99,67314.08,67332.98,4.32571
2026-03-08 08:40:00,67332.98,67495.12,67332.98,67432.43,122.44981
2026-03-08 08:41:00,67432.44,67471.37,67418.0,67425.41,15.79456
2026-03-08 08:42:00,67425.41,67444.96,67425.41,67444.95,11.89
2026-03-08 08:43:00,67444.95,67473.48,67436.64,67457.65,10.2735
2026-03-08 08:44:00,67457.65,67564.52,67449.75,67500.11,47.46768
2026-03-08 08:45:00,67500.11,67508.75,67485.47,67504.5,8.43372
2026-03-08 08:46:00,67504.51,67554.19,67498.72,67554.18,9.34341
2026-03-08 08:47:00,67554.19,67554.19,67518.35,67518.35,6.38655
2026-03-08 08:48:00,67518.35,67518.36,67468.16,67468.16,5.30428
2026-03-08 08:49:00,67468.15,67468.16,67468.15,67468.15,1.40478
2026-03-08 08:50:00,67468.15,67505.04,67445.56,67505.04,6.34596
2026-03-08 08:51:00,67505.03,67505.04,67472.68,67473.27,6.80281
2026-03-08 08:52:00,67473.28,67479.43,67455.0,67459.65,5.01095
2026-03-08 08:53:00,67459.64,67513.6,67459.64,67513.6,3.9345
2026-03-08 08:54:00,67513.6,67532.11,67513.59,67532.11,3.03015
2026-03-08 08:55:00,67532.11,67538.87,67511.11,67511.12,7.27403
2026-03-08 08:56:00,67511.12,67577.36,67511.11,67564.21,8.52624
2026-03-08 08:57:00,67564.22,67573.39,67547.05,67547.07,6.04103
2026-03-08 08:58:00,67547.07,67550.7,67530.72,67539.33,4.85021
2026-03-08 08:59:00,67539.33,67554.35,67539.32,67539.33,2.03318
2026-03-08 09:00:00,67539.34,67551.08,67503.01,67537.77,15.7499
2026-03-08 09:01:00,67537.76,67537.76,67500.0,67500.0,11.64021
2026-03-08 09:02:00,67500.01,67500.01,67474.0,67474.36,3.78141
2026-03-08 09:03:00,67474.36,67487.43,67474.35,67485.18,5.31761
2026-03-08 09:04:00,67485.17,67519.83,67476.96,67505.9,18.09671
2026-03-08 09:05:00,67505.9,67552.82,67505.9,67542.54,4.93668
2026-03-08 09:06:00,67542.54,67542.55,67522.0,67527.89,14.02459
2026-03-08 09:07:00,67527.88,67527.89,67498.31,67498.31,3.79382
2026-03-08 09:08:00,67498.31,67534.6,67498.31,67521.15,8.17946
2026-03-08 09:09:00,67521.15,67538.29,67509.35,67519.57,12.86154
2026-03-08 09:10:00,67519.57,67569.98,67519.57,67569.98,3.6335
2026-03-08 09:11:00,67569.98,67578.57,67564.94,67577.12,3.27868
2026-03-08 09:12:00,67577.13,67622.36,67577.12,67617.72,29.58316
2026-03-08 09:13:00,67617.71,67678.0,67608.14,67678.0,31.91086
2026-03-08 09:14:00,67677.99,67846.15,67677.99,67762.83,73.98738
2026-03-08 09:15:00,67762.83,67789.94,67762.83,67762.84,9.73564
2026-03-08 09:16:00,67762.83,67850.0,67750.0,67846.26,26.50504
2026-03-08 09:17:00,67846.26,67905.03,67766.94,67778.02,21.55044
2026-03-08 09:18:00,67778.02,67816.92,67778.02,67789.65,14.58143
2026-03-08 09:19:00,67789.65,67799.7,67754.91,67775.33,215.03007
2026-03-08 09:20:00,67775.33,67810.46,67744.01,67744.01,32.37026
2026-03-08 09:21:00,67744.01,67770.83,67724.22,67761.39,14.78993
2026-03-08 09:22:00,67761.39,67761.39,67718.78,67726.91,7.99532
2026-03-08 09:23:00,67726.9,67755.28,67720.12,67746.22,6.63378
2026-03-08 09:24:00,67746.21,67780.07,67746.21,67780.07,34.5325
2026-03-08 09:25:00,67779.09,67800.17,67733.91,67733.91,27.17364
2026-03-08 09:26:00,67733.91,67753.7,67706.54,67753.7,8.76256
2026-03-08 09:27:00,67753.69,67773.56,67753.69,67766.0,5.75527
2026-03-08 09:28:00,67766.0,67830.72,67765.99,67812.46,11.28236
2026-03-08 09:29:00,67812.46,67847.63,67812.45,67847.63,6.5872
2026-03-08 09:30:00,67847.63,67856.67,67748.99,67779.95,49.80568
2026-03-08 09:31:00,67779.95,67779.95,67749.56,67749.57,4.47579
2026-03-08 09:32:00,67749.57,67800.06,67748.68,67788.28,4.99493
2026-03-08 09:33:00,67788.28,67788.28,67750.0,67750.01,6.42935
